City_ID,City,Country,Date,Lat,Lng,Max Temp,Humidity,Cloudiness,Wind Speed
0,Kapaa,US,2022-04-04 20:45:31,22.0752,-159.319,78.78,75,40,16.11
1,Lebu,CL,2022-04-04 20:45:31,-37.6167,-73.65,57.61,74,42,17.0
2,Georgetown,MY,2022-04-04 20:43:45,5.4112,100.3354,78.73,93,20,8.05
3,Bethel,US,2022-04-04 20:45:32,41.3712,-73.414,56.01,43,20,11.5
4,Bonavista,CA,2022-04-04 20:45:32,48.6499,-53.1147,35.28,81,96,11.92
5,Palasa,IN,2022-04-04 20:45:32,18.7667,84.4167,75.92,95,24,7.76
6,Inhambane,MZ,2022-04-04 20:45:32,-23.865,35.3833,75.27,63,2,9.53
7,Cape Town,ZA,2022-04-04 20:45:04,-33.9258,18.4232,62.89,89,40,8.05
8,New Norfolk,AU,2022-04-04 20:41:42,-42.7826,147.0587,54.9,80,100,1.01
9,Puerto Carreno,CO,2022-04-04 20:45:33,6.189,-67.4859,91.38,55,20,8.05
10,Qaanaaq,GL,2022-04-04 20:41:32,77.484,-69.3632,23.41,74,100,7.16
11,Kamenka,RU,2022-04-04 20:45:33,51.3223,42.7678,30.07,88,27,7.74
12,Hilo,US,2022-04-04 20:40:43,19.7297,-155.09,74.62,87,100,3.44
13,Bambous Virieux,MU,2022-04-04 20:45:33,-20.3428,57.7575,79.21,89,75,9.22
14,Jamestown,US,2022-04-04 20:41:28,42.097,-79.2353,45.01,49,75,8.05
15,Ola,RU,2022-04-04 20:45:34,59.5833,151.2833,19.76,88,100,17.69
16,Nzega,RW,2022-04-04 20:45:34,-2.479,29.5564,55.0,94,39,4.88
17,Puerto Ayora,EC,2022-04-04 20:45:34,-0.7393,-90.3518,82.36,89,64,5.99
18,Kavieng,PG,2022-04-04 20:45:34,-2.5744,150.7967,80.76,81,100,6.64
19,Bredasdorp,ZA,2022-04-04 20:43:24,-34.5322,20.0403,62.37,75,9,11.14
20,Hobart,AU,2022-04-04 20:42:56,-42.8794,147.3294,55.26,80,75,16.11
21,Milledgeville,US,2022-04-04 20:45:35,33.0801,-83.2321,80.1,30,0,0.0
22,Ouadda,CF,2022-04-04 20:45:35,8.0777,22.4007,80.35,42,84,5.66
23,Dikson,RU,2022-04-04 20:45:35,73.5069,80.5464,-0.72,92,55,9.75
24,Punta Arenas,CL,2022-04-04 20:43:37,-53.15,-70.9167,41.11,75,20,24.16
25,Tasiilaq,GL,2022-04-04 20:45:35,65.6145,-37.6368,21.36,93,99,9.13
26,Karasburg,NA,2022-04-04 20:45:36,-28.0167,18.75,57.9,54,0,12.41
27,East London,ZA,2022-04-04 20:41:02,-33.0153,27.9116,66.43,82,55,10.83
28,Christchurch,NZ,2022-04-04 20:45:36,-43.5333,172.6333,60.33,88,100,4.0
29,Rikitea,PF,2022-04-04 20:45:36,-23.1203,-134.9692,78.19,60,6,12.46
30,Ilebo,CD,2022-04-04 20:45:36,-4.3167,20.5833,68.76,98,100,1.7
31,Faya,SA,2022-04-04 20:44:10,18.3851,42.4509,66.72,25,8,5.23
32,Piacabucu,BR,2022-04-04 20:45:37,-10.4056,-36.4344,78.31,72,5,7.27
33,Vaini,TO,2022-04-04 20:41:50,-21.2,-175.2,73.56,88,75,6.91
34,Nicoya,CR,2022-04-04 20:45:37,10.1483,-85.452,88.59,52,100,2.48
35,Bilibino,RU,2022-04-04 20:45:37,68.0546,166.4372,-6.32,79,48,3.15
36,Arraial Do Cabo,BR,2022-04-04 20:45:37,-22.9661,-42.0278,84.16,78,0,11.5
37,Ust-Maya,RU,2022-04-04 20:41:19,60.4167,134.5333,20.48,88,100,7.0
38,Hermanus,ZA,2022-04-04 20:42:40,-34.4187,19.2345,56.8,83,11,11.81
39,Poum,NC,2022-04-04 20:45:38,-20.2333,164.0167,80.49,85,100,27.58
40,Camocim,BR,2022-04-04 20:45:38,-2.9022,-40.8411,78.15,87,100,10.02
41,Axim,GH,2022-04-04 20:45:38,4.8699,-2.2405,81.81,82,96,10.04
42,Albany,US,2022-04-04 20:43:54,42.6001,-73.9662,50.65,48,100,1.99
43,Matagami,CA,2022-04-04 20:45:39,49.7502,-77.6328,37.51,38,0,8.05
44,Huamachuco,PE,2022-04-04 20:45:39,-7.8,-78.0667,58.5,68,99,2.71
45,Sao Filipe,CV,2022-04-04 20:45:39,14.8961,-24.4956,70.45,78,4,9.98
46,Quatre Cocos,MU,2022-04-04 20:45:39,-20.2078,57.7625,79.09,83,100,11.03
47,Busselton,AU,2022-04-04 20:45:39,-33.65,115.3333,52.02,82,0,9.01
48,Ushuaia,AR,2022-04-04 20:42:51,-54.8,-68.3,42.42,81,40,26.46
49,Nikolskoye,RU,2022-04-04 20:45:40,59.7035,30.7861,37.29,88,100,13.15
50,Prince Rupert,CA,2022-04-04 20:45:40,54.3161,-130.3201,41.09,81,100,3.44
51,Nambucca Heads,AU,2022-04-04 20:45:40,-30.65,153.0,63.18,78,0,4.47
52,Chunoyar,RU,2022-04-04 20:45:41,57.4467,97.3217,20.91,81,100,5.64
53,Airai,TL,2022-04-04 20:45:41,-8.9266,125.4092,58.19,90,50,1.32
54,Namatanai,PG,2022-04-04 20:45:41,-3.6667,152.4333,80.31,82,94,7.38
55,Kushiro,JP,2022-04-04 20:45:41,42.975,144.3747,36.99,88,0,6.6
56,Gangtok,IN,2022-04-04 20:45:42,27.3333,88.6167,59.16,87,99,1.01
57,Kommunar,RU,2022-04-04 20:45:42,59.6206,30.39,36.93,95,100,14.43
58,Victoria,HK,2022-04-04 20:40:42,22.2855,114.1577,68.95,69,48,8.01
59,Alofi,NU,2022-04-04 20:45:42,-19.0595,-169.9187,76.89,88,100,2.3
60,Mataura,NZ,2022-04-04 20:42:31,-46.1927,168.8643,57.18,70,100,2.66
61,Barrow,US,2022-04-04 20:45:42,71.2906,-156.7887,-5.78,71,100,17.27
62,Lebanon,US,2022-04-04 20:43:08,36.2081,-86.2911,73.62,37,0,0.0
63,Alghero,IT,2022-04-04 20:45:43,40.5589,8.3181,50.09,66,0,6.91
64,Saint George,US,2022-04-04 20:44:31,37.1041,-113.5841,78.8,16,0,10.0
65,Mar Del Plata,AR,2022-04-04 20:42:25,-38.0023,-57.5575,71.62,63,0,11.5
66,Pevek,RU,2022-04-04 20:45:43,69.7008,170.3133,-16.89,96,32,3.53
67,Salalah,OM,2022-04-04 20:44:58,17.0151,54.0924,78.89,94,0,4.61
68,Tiksi,RU,2022-04-04 20:45:43,71.6872,128.8694,-7.42,100,100,5.06
69,Chuy,UY,2022-04-04 20:41:31,-33.6971,-53.4616,62.62,53,32,9.57
70,Butaritari,KI,2022-04-04 20:41:37,3.0707,172.7902,81.68,79,30,14.09
71,Ketchikan,US,2022-04-04 20:41:21,55.3422,-131.6461,46.87,53,0,12.66
72,Biltine,TD,2022-04-04 20:45:44,14.5333,20.9167,87.08,9,17,7.2
73,Yellowknife,CA,2022-04-04 20:45:44,62.456,-114.3525,37.29,51,40,16.11
74,Kisaran,ID,2022-04-04 20:45:44,2.9845,99.6158,73.08,93,100,5.01
75,Agde,FR,2022-04-04 20:42:24,43.3108,3.4758,49.86,60,0,8.05
76,Praia Da Vitoria,PT,2022-04-04 20:45:44,38.7333,-27.0667,61.75,82,40,4.03
77,Ponta Do Sol,PT,2022-04-04 20:41:25,32.6667,-17.1,57.83,73,48,12.37
78,Seda,LV,2022-04-04 20:45:45,57.65,25.75,35.06,93,100,14.38
79,Chokurdakh,RU,2022-04-04 20:45:45,70.6333,147.9167,-15.27,100,92,8.41
80,Hovd,MN,2022-04-04 20:45:45,48.0056,91.6419,42.8,36,100,6.42
81,Kodiak,US,2022-04-04 20:41:22,57.79,-152.4072,38.71,52,0,14.97
82,Huilong,CN,2022-04-04 20:45:45,31.8111,121.655,50.94,77,100,10.16
83,Bengkulu,ID,2022-04-04 20:45:46,-3.8004,102.2655,75.61,84,73,4.76
84,Saint-Ambroise,CA,2022-04-04 20:45:46,48.5501,-71.3324,43.34,44,92,14.97
85,Ostersund,SE,2022-04-04 20:45:46,63.1792,14.6357,24.62,80,40,8.05
86,Yulara,AU,2022-04-04 20:41:26,-25.2406,130.9889,60.64,31,2,4.61
87,Fairbanks,US,2022-04-04 20:45:46,64.8378,-147.7164,18.48,66,100,1.01
88,Necochea,AR,2022-04-04 20:44:02,-38.5473,-58.7368,59.94,58,0,7.34
89,Kitimat,CA,2022-04-04 20:45:47,54.0524,-128.6534,40.91,53,100,1.01
90,Tuatapere,NZ,2022-04-04 20:45:47,-46.1333,167.6833,59.2,83,100,5.08
91,Nha Trang,VN,2022-04-04 20:45:47,12.25,109.1833,73.4,90,86,8.12
92,Saldanha,ZA,2022-04-04 20:45:47,-33.0117,17.9442,60.85,83,16,6.42
93,Coahuayana,MX,2022-04-04 20:45:48,18.7333,-103.6833,85.23,44,72,8.61
94,Kruisfontein,ZA,2022-04-04 20:45:48,-34.0033,24.7314,60.89,74,0,13.94
95,Valleyview,CA,2022-04-04 20:45:48,55.0667,-117.2859,41.04,52,100,6.91
96,San Cristobal,VE,2022-04-04 20:45:49,7.7669,-72.225,80.78,53,100,5.53
97,Ponta Delgada,PT,2022-04-04 20:45:49,37.7333,-25.6667,57.92,62,20,3.44
98,Vila Franca Do Campo,PT,2022-04-04 20:45:49,37.7167,-25.4333,57.61,67,92,4.56
99,Mahon,ES,2022-04-04 20:45:49,39.8885,4.2658,50.56,66,20,10.36
100,Ilhabela,BR,2022-04-04 20:45:50,-23.7781,-45.3581,75.87,90,4,3.04
101,Hithadhoo,MV,2022-04-04 20:45:50,-0.6,73.0833,82.74,68,38,3.09
102,Talnakh,RU,2022-04-04 20:45:50,69.4865,88.3972,-3.28,90,70,8.57
103,Luba,GQ,2022-04-04 20:45:50,3.4568,8.5547,76.89,81,88,5.97
104,Khatanga,RU,2022-04-04 20:45:51,71.9667,102.5,-30.53,100,38,3.8
105,Sambava,MG,2022-04-04 20:45:51,-14.2667,50.1667,75.11,93,100,6.29
106,Port Alfred,ZA,2022-04-04 20:45:51,-33.5906,26.891,61.18,89,0,1.99
107,Bluff,NZ,2022-04-04 20:45:51,-46.6,168.3333,56.46,79,100,7.4
108,Saint-Philippe,RE,2022-04-04 20:45:52,-21.3585,55.7679,75.22,86,90,11.9
109,Tabou,CI,2022-04-04 20:42:29,4.423,-7.3528,81.32,83,100,8.99
110,Launceston,AU,2022-04-04 20:45:52,-41.45,147.1667,55.15,78,98,9.22
111,Sao Joao Da Barra,BR,2022-04-04 20:45:52,-21.6403,-41.0511,84.29,83,6,10.54
112,Oussouye,SN,2022-04-04 20:45:52,12.485,-16.5469,80.78,64,6,14.92
113,Ribeira Grande,PT,2022-04-04 20:45:53,38.5167,-28.7,63.0,72,75,2.3
114,Parabel,RU,2022-04-04 20:45:53,58.6978,81.4825,34.32,98,100,7.31
115,Pacific Grove,US,2022-04-04 20:43:47,36.6177,-121.9166,72.55,69,0,9.22
116,Presidente Medici,BR,2022-04-04 20:45:53,-11.1753,-61.9014,80.35,91,96,1.52
117,Koboko,UG,2022-04-04 20:45:54,3.4136,30.9599,72.57,52,29,3.94
118,Nishihara,JP,2022-04-04 20:45:54,26.1842,127.7558,61.88,75,100,8.05
119,Emerald,AU,2022-04-04 20:45:54,-23.5333,148.1667,68.14,88,18,0.0
120,Castro,BR,2022-04-04 20:41:48,-24.7911,-50.0119,66.54,96,100,8.16
121,Estevan,CA,2022-04-04 20:45:54,49.1334,-102.9842,61.14,27,0,18.79
122,Koulikoro,ML,2022-04-04 20:45:55,14.0,-7.75,91.24,14,34,7.76
123,Pombas,CV,2022-04-04 20:45:55,17.1503,-25.0201,69.58,71,43,14.45
124,Hagere Selam,ET,2022-04-04 20:45:55,6.4833,38.5167,51.51,68,61,5.28
125,Storsteinnes,NO,2022-04-04 20:45:55,69.2408,19.2344,7.45,89,31,5.55
126,Atuona,PF,2022-04-04 20:45:56,-9.8,-139.0333,79.68,75,10,22.84
127,Luderitz,NA,2022-04-04 20:43:02,-26.6481,15.1594,59.86,83,0,6.85
128,Walvis Bay,NA,2022-04-04 20:42:01,-22.9575,14.5053,59.09,88,0,6.91
129,Ellisras,ZA,2022-04-04 20:45:56,-23.6649,27.7443,67.82,77,15,4.03
130,Esperance,AU,2022-04-04 20:45:56,-33.8667,121.9,58.84,75,89,14.72
131,Mandalgovi,MN,2022-04-04 20:43:50,45.7625,106.2708,31.03,58,94,5.3
132,Grand-Lahou,CI,2022-04-04 20:45:56,5.1367,-5.0242,81.28,86,100,10.07
133,Pandan,PH,2022-04-04 20:45:57,14.0453,124.1694,79.41,88,100,16.93
134,Alice Springs,AU,2022-04-04 20:42:10,-23.7,133.8833,53.15,50,0,0.0
135,Codrington,AU,2022-04-04 20:45:57,-38.2667,141.9667,51.08,87,100,3.69
136,Maldonado,UY,2022-04-04 20:45:57,-34.6667,-54.9167,65.59,47,0,6.53
137,Katsuura,JP,2022-04-04 20:45:57,35.1333,140.3,50.65,90,100,26.6
138,Leningradskiy,RU,2022-04-04 20:45:58,69.3833,178.4167,-7.96,93,98,3.0
139,Shaping,CN,2022-04-04 20:45:58,22.7545,112.9565,64.94,74,3,2.82
140,Juegang,CN,2022-04-04 20:45:58,32.3174,121.1855,54.99,79,100,7.7
141,Gorontalo,ID,2022-04-04 20:45:58,0.5412,123.0595,73.94,92,98,2.57
142,Avera,US,2022-04-04 20:45:59,33.194,-82.5271,76.51,36,90,4.76
143,Avarua,CK,2022-04-04 20:45:59,-21.2078,-159.775,84.25,74,20,4.61
144,Maumere,ID,2022-04-04 20:45:59,-8.6199,122.2111,78.85,75,65,3.09
145,Maple Creek,CA,2022-04-04 20:46:00,49.9168,-109.4848,52.21,40,100,20.71
146,Mrakovo,RU,2022-04-04 20:46:00,52.7161,56.6244,34.84,95,100,4.14
147,Lompoc,US,2022-04-04 20:42:06,34.6391,-120.4579,76.93,59,0,24.0
148,Cabo San Lucas,MX,2022-04-04 20:43:24,22.8909,-109.9124,78.62,61,0,16.11
149,Tres Arroyos,AR,2022-04-04 20:46:00,-38.3739,-60.2798,64.04,39,0,4.72
150,Vardo,NO,2022-04-04 20:46:00,70.3705,31.1107,28.38,80,40,16.11
151,Tuktoyaktuk,CA,2022-04-04 20:46:01,69.4541,-133.0374,-14.8,70,75,9.22
152,Vila Velha,BR,2022-04-04 20:41:28,-20.3297,-40.2925,84.15,79,20,11.5
153,Berlevag,NO,2022-04-04 20:46:01,70.8578,29.0864,19.35,68,20,3.44
154,Moose Factory,CA,2022-04-04 20:46:01,51.2585,-80.6094,24.8,74,0,11.5
155,Skibbereen,IE,2022-04-04 20:42:31,51.55,-9.2667,51.12,86,100,12.88
156,Carnarvon,AU,2022-04-04 20:44:10,-24.8667,113.6333,71.67,88,0,11.5
157,Save,BJ,2022-04-04 20:46:01,8.0425,2.486,81.81,69,98,8.5
158,Kaitangata,NZ,2022-04-04 20:46:02,-46.2817,169.8464,57.61,77,100,3.33
159,Ilulissat,GL,2022-04-04 20:42:36,69.2167,-51.1,37.42,56,40,3.44
160,Hasaki,JP,2022-04-04 20:46:02,35.7333,140.8333,46.8,91,100,26.06
161,San Jose,US,2022-04-04 20:41:25,37.3394,-121.895,72.86,48,75,17.27
162,Cherskiy,RU,2022-04-04 20:46:02,68.75,161.3,-11.74,95,70,1.88
163,Saskylakh,RU,2022-04-04 20:45:16,71.9167,114.0833,-6.63,98,100,7.83
164,Moree,AU,2022-04-04 20:46:03,-29.4667,149.85,62.62,94,0,11.5
165,Kalmunai,LK,2022-04-04 20:46:03,7.4167,81.8167,77.05,86,40,4.07
166,Yar-Sale,RU,2022-04-04 20:46:03,66.8333,70.8333,30.49,99,100,4.92
167,Chara,RU,2022-04-04 20:43:39,56.9064,118.2631,-3.05,74,50,2.53
168,Faanui,PF,2022-04-04 20:41:23,-16.4833,-151.75,82.85,72,17,17.49
169,Port Elizabeth,ZA,2022-04-04 20:41:11,-33.918,25.5701,63.1,80,0,9.22
170,Caldwell,US,2022-04-04 20:46:04,43.6629,-116.6874,52.18,76,75,16.11
171,Mareeba,AU,2022-04-04 20:46:04,-17.0,145.4333,70.52,95,38,1.36
172,San Quintin,MX,2022-04-04 20:46:04,30.4833,-115.95,65.39,70,5,15.05
173,Narsaq,GL,2022-04-04 20:46:04,60.9167,-46.05,48.42,81,100,2.46
174,Geraldton,AU,2022-04-04 20:46:05,-28.7667,114.6,66.61,77,0,12.66
175,Ubinskoye,RU,2022-04-04 20:46:05,55.3068,79.6802,34.18,82,100,9.53
176,Thinadhoo,MV,2022-04-04 20:46:05,0.5333,72.9333,82.63,67,10,2.17
177,Lac Du Bonnet,CA,2022-04-04 20:46:05,50.2536,-96.0612,40.96,73,84,7.65
178,Pisco,PE,2022-04-04 20:46:06,-13.7,-76.2167,73.45,68,0,5.75
179,Mayo,US,2022-04-04 20:42:29,38.8876,-76.5119,57.56,45,75,10.36
180,Huron,US,2022-04-04 20:46:06,41.1501,-82.5499,49.66,84,98,13.87
181,Meulaboh,ID,2022-04-04 20:46:06,4.1363,96.1285,75.97,86,100,2.53
182,Alugan,PH,2022-04-04 20:46:06,12.2188,125.4808,79.77,87,99,16.08
183,Paamiut,GL,2022-04-04 20:46:07,61.994,-49.6678,33.71,95,100,13.47
184,Severnoye,RU,2022-04-04 20:46:07,56.3491,78.3619,34.77,85,99,8.59
185,Souillac,MU,2022-04-04 20:46:07,-20.5167,57.5167,79.18,89,75,9.22
186,Ust-Nera,RU,2022-04-04 20:46:07,64.5667,143.2,-10.73,100,100,6.46
187,Cidreira,BR,2022-04-04 20:46:08,-30.1811,-50.2056,70.0,89,98,8.01
188,Luena,AO,2022-04-04 20:46:08,-11.7833,19.9167,64.72,86,81,2.42
189,Coihaique,CL,2022-04-04 20:43:57,-45.5752,-72.0662,56.01,71,75,5.75
190,Abha,SA,2022-04-04 20:46:08,18.2164,42.5053,66.45,7,0,9.22
191,Henties Bay,NA,2022-04-04 20:46:09,-22.116,14.2845,61.93,79,0,6.96
192,Santa Pola,ES,2022-04-04 20:46:09,38.1917,-0.5658,52.66,65,75,6.91
193,Barahona,DO,2022-04-04 20:46:09,18.2085,-71.1008,85.82,66,20,11.5
194,Mehamn,NO,2022-04-04 20:41:24,71.0357,27.8492,19.31,74,95,7.27
195,Norman Wells,CA,2022-04-04 20:41:24,65.282,-126.8329,-0.36,55,20,9.22
196,Gariaband,IN,2022-04-04 20:46:09,20.635,82.0614,78.67,29,9,4.09
197,Yerofey Pavlovich,RU,2022-04-04 20:46:10,53.9667,121.9667,9.68,86,97,4.76
198,Fontem,CM,2022-04-04 20:46:10,5.4685,9.8818,70.95,87,95,2.62
199,Aklavik,CA,2022-04-04 20:43:59,68.2191,-135.0107,-9.11,85,100,10.89
200,Chimbote,PE,2022-04-04 20:44:19,-9.0853,-78.5783,72.48,76,73,10.89
201,Fortuna,US,2022-04-04 20:44:07,40.5982,-124.1573,54.66,94,100,1.01
202,Mahajanga,MG,2022-04-04 20:46:10,-15.7167,46.3167,77.02,94,20,1.14
203,Teloloapan,MX,2022-04-04 20:45:22,18.35,-99.85,86.58,14,3,9.19
204,Palmares Do Sul,BR,2022-04-04 20:46:11,-30.2578,-50.5097,69.62,91,93,7.43
205,Itarema,BR,2022-04-04 20:46:11,-2.9248,-39.9167,78.48,86,81,9.62
206,Lyaskelya,RU,2022-04-04 20:46:11,61.7667,31.0167,30.38,96,100,15.3
207,Iskele,TR,2022-04-04 20:46:11,39.484,26.9278,53.69,71,75,5.75
208,Nuuk,GL,2022-04-04 20:46:12,64.1835,-51.7216,34.41,86,75,2.3
209,Bolobo,CD,2022-04-04 20:46:12,-2.1667,16.2333,76.01,83,63,1.54
210,Grindavik,IS,2022-04-04 20:41:46,63.8424,-22.4338,33.75,100,100,11.5
211,Mazamari,PE,2022-04-04 20:46:12,-11.3258,-74.5308,77.67,90,83,1.5
212,Popondetta,PG,2022-04-04 20:46:12,-8.7537,148.2534,74.5,92,100,2.26
213,Taoudenni,ML,2022-04-04 20:43:15,22.6783,-3.9836,86.83,15,0,8.28
214,Anlu,CN,2022-04-04 20:46:13,31.1661,112.5831,56.57,72,100,6.4
215,Gilgit,PK,2022-04-04 20:46:13,35.9221,74.3087,58.28,47,0,4.34
216,Bowen,AU,2022-04-04 20:43:35,-20.0167,148.2333,72.55,89,21,6.98
217,Laguna,US,2022-04-04 20:46:13,38.421,-121.4238,72.28,47,0,5.75
218,Gat,IL,2022-04-04 20:42:04,31.61,34.7642,65.8,37,15,6.91
219,Gotsu,JP,2022-04-04 20:46:13,35.0,132.2167,43.05,39,50,4.74
220,Yeniseysk,RU,2022-04-04 20:46:14,58.4497,92.1703,24.76,96,100,8.72
221,Sayyan,YE,2022-04-04 20:46:14,15.1718,44.3244,57.99,17,0,2.1
222,Benedita,PT,2022-04-04 20:46:14,39.4247,-8.97,55.42,42,100,3.0
223,Pochutla,MX,2022-04-04 20:46:15,15.7432,-96.4661,87.82,38,0,12.33
224,Sistranda,NO,2022-04-04 20:46:15,63.7256,8.834,28.36,77,96,17.43
225,Upington,ZA,2022-04-04 20:46:15,-28.4478,21.2561,59.38,47,0,0.0
226,Klaksvik,FO,2022-04-04 20:46:15,62.2266,-6.589,32.92,62,100,16.87
227,Chapais,CA,2022-04-04 20:42:24,49.7834,-74.8492,35.38,67,90,7.16
228,Broome,US,2022-04-04 20:42:26,42.2506,-75.833,46.6,64,40,8.05
229,Severo-Kurilsk,RU,2022-04-04 20:46:16,50.6789,156.125,36.27,84,4,9.6
230,Dunmore East,IE,2022-04-04 20:46:16,52.1514,-6.9861,53.69,68,100,14.41
231,Yumen,CN,2022-04-04 20:46:16,40.2833,97.2,45.0,21,0,2.59
232,Penzberg,DE,2022-04-04 20:46:17,47.75,11.3833,41.22,68,100,3.0
233,Innisfail,AU,2022-04-04 20:46:17,-17.5333,146.0333,76.14,87,48,3.89
234,Mercedes,AR,2022-04-04 20:41:36,-34.6515,-59.4307,72.86,30,0,2.48
235,Guerrero Negro,MX,2022-04-04 20:46:17,27.9769,-114.0611,66.38,56,1,17.13
236,Flinders,AU,2022-04-04 20:46:17,-34.5833,150.8552,60.06,83,0,3.0
237,Haines Junction,CA,2022-04-04 20:46:18,60.7522,-137.5108,37.35,44,100,8.05
238,Poiana Stampei,RO,2022-04-04 20:46:18,47.3167,25.1333,20.55,95,70,5.61
239,Coquimbo,CL,2022-04-04 20:46:18,-29.9533,-71.3436,62.33,77,0,13.8
240,Helena,US,2022-04-04 20:45:53,46.5927,-112.0361,54.59,50,100,18.41
241,Tiznit,MA,2022-04-04 20:46:19,29.5833,-9.5,52.43,80,83,12.28
242,Thompson,CA,2022-04-04 20:42:17,55.7435,-97.8558,41.16,42,20,9.22
243,Tehri,IN,2022-04-04 20:46:19,30.3833,78.4833,66.72,20,98,5.95
244,Torbay,CA,2022-04-04 20:46:19,47.6666,-52.7314,39.97,78,100,17.27
245,Cockburn Town,TC,2022-04-04 20:41:28,21.4612,-71.1419,82.36,65,75,10.36
246,Claveria,PH,2022-04-04 20:46:19,18.6074,121.0832,74.68,87,99,18.14
247,Belaya Gora,RU,2022-04-04 20:46:20,68.5333,146.4167,-10.75,98,100,3.24
248,Fangshan,CN,2022-04-04 20:46:20,39.6983,115.9925,56.79,42,0,4.65
249,Abu Samrah,SY,2022-04-04 20:46:20,35.3029,37.1841,59.95,40,16,5.91
250,Iqaluit,CA,2022-04-04 20:46:20,63.7506,-68.5145,13.73,67,75,19.57
251,Oranjemund,NA,2022-04-04 20:46:05,-28.55,16.4333,60.12,88,0,3.91
252,Port Hedland,AU,2022-04-04 20:46:21,-20.3167,118.5667,77.05,88,1,5.75
253,Roebourne,AU,2022-04-04 20:46:21,-20.7833,117.1333,81.84,62,1,10.11
254,Pingliang,CN,2022-04-04 20:46:21,35.5392,106.6861,50.5,22,27,8.14
255,Cabedelo,BR,2022-04-04 20:46:21,-6.9811,-34.8339,84.87,74,2,10.47
256,Half Moon Bay,US,2022-04-04 20:45:36,37.4636,-122.4286,71.62,65,0,20.71
257,Doha,QA,2022-04-04 20:43:32,25.2867,51.5333,75.51,54,0,1.14
258,Port Augusta,AU,2022-04-04 20:44:24,-32.5,137.7667,60.03,40,0,4.05
259,Santa Fe,AR,2022-04-04 20:41:38,-31.6333,-60.7,76.95,34,0,4.0
260,Pangnirtung,CA,2022-04-04 20:46:22,66.1451,-65.7125,15.8,79,75,11.5
261,Grottammare,IT,2022-04-04 20:46:22,42.9888,13.8649,49.68,79,4,6.22
262,Kars,TR,2022-04-04 20:46:22,40.602,43.095,34.25,75,40,12.66
263,Novosysoyevka,RU,2022-04-04 20:46:23,44.235,133.3642,34.7,69,35,2.21
264,Sungaipenuh,ID,2022-04-04 20:46:23,-2.0833,101.3833,63.09,93,63,1.68
265,Labuhan,ID,2022-04-04 20:43:43,-6.8844,112.2051,76.26,88,64,7.16
266,Kirakira,SB,2022-04-04 20:46:23,-10.4544,161.9205,81.05,85,100,11.56
267,San Patricio,US,2022-04-04 20:46:23,28.017,-97.5169,85.17,55,79,19.01
268,Vershino-Shakhtaminskiy,RU,2022-04-04 20:46:24,51.3012,117.8868,11.44,66,95,8.43
269,Nanortalik,GL,2022-04-04 20:46:24,60.1432,-45.2371,36.0,80,100,2.19
270,Limbang,MY,2022-04-04 20:46:24,4.75,115.0,77.11,97,100,1.3
271,High Level,CA,2022-04-04 20:45:04,58.5169,-117.136,42.91,61,75,9.22
272,Roma,US,2022-04-04 20:44:16,43.2128,-75.4557,45.82,67,100,9.22
273,Banepa,NP,2022-04-04 20:46:24,27.6298,85.5214,64.72,88,20,2.3
274,Fez,MA,2022-04-04 20:46:25,34.0372,-4.9998,53.85,93,75,2.3
275,Hay River,CA,2022-04-04 20:42:21,60.8156,-115.7999,40.98,56,75,9.22
276,Micheweni,TZ,2022-04-04 20:46:25,-4.9667,39.8333,81.88,77,0,6.58
277,Dingle,PH,2022-04-04 20:45:20,10.9995,122.6711,76.19,90,100,7.56
278,Hangal,IN,2022-04-04 20:46:25,14.7667,75.1333,73.6,83,9,6.46
279,Deputatskiy,RU,2022-04-04 20:46:25,69.3,139.9,-13.76,98,100,1.21
280,Carutapera,BR,2022-04-04 20:46:26,-1.195,-46.02,77.72,88,100,4.59
281,Les Cayes,HT,2022-04-04 20:41:51,18.2,-73.75,82.33,66,17,10.25
282,Ocampo,MX,2022-04-04 20:46:26,21.65,-101.5,81.09,11,6,22.44
283,Manzhouli,CN,2022-04-04 20:46:26,49.6,117.4333,19.85,58,97,17.0
284,Mount Isa,AU,2022-04-04 20:46:27,-20.7333,139.5,69.57,21,3,5.75
285,Bratislava,SK,2022-04-04 20:46:27,48.1482,17.1067,42.1,68,0,6.91
286,Igarka,RU,2022-04-04 20:46:27,67.4667,86.5833,17.62,82,100,18.77
287,Huarmey,PE,2022-04-04 20:46:28,-10.0681,-78.1522,74.07,75,55,11.77
288,Xuanhua,CN,2022-04-04 20:46:28,40.6103,115.0447,51.15,28,0,5.88
289,Tiarei,PF,2022-04-04 20:42:28,-17.5333,-149.3333,86.0,78,47,15.5
290,Tukrah,LY,2022-04-04 20:46:28,32.5341,20.5791,74.26,26,33,11.88
291,Halifax,CA,2022-04-04 20:44:59,44.6453,-63.5724,33.22,95,100,28.77
292,Dukat,RU,2022-04-04 20:46:28,62.55,155.55,-2.9,96,72,2.28
293,Tomatlan,MX,2022-04-04 20:46:09,19.9333,-105.25,83.59,45,57,11.61
294,Dwarka,IN,2022-04-04 20:46:29,22.2394,68.9678,78.6,72,3,8.97
295,Amapa,BR,2022-04-04 20:46:29,1.0,-52.0,70.97,99,100,3.02
296,Cayenne,GF,2022-04-04 20:46:29,4.9333,-52.3333,81.09,1,75,8.05
297,Lively,CA,2022-04-04 20:46:29,46.4334,-81.1498,45.01,55,100,4.81
298,Sonoita,MX,2022-04-04 20:46:30,31.85,-112.8333,78.78,21,0,7.05
299,Nisia Floresta,BR,2022-04-04 20:46:30,-6.0911,-35.2086,84.58,74,7,8.95
300,Waitara,NZ,2022-04-04 20:46:30,-38.925,174.25,64.22,82,100,7.72
301,Jiblah,YE,2022-04-04 20:46:30,13.9216,44.1467,65.21,40,1,3.24
302,Acapulco,MX,2022-04-04 20:46:31,16.8634,-99.8901,84.22,55,3,11.72
303,Road Town,VG,2022-04-04 20:46:31,18.4167,-64.6167,82.44,69,20,10.36
304,Abu Dhabi,AE,2022-04-04 20:44:00,24.4667,54.3667,75.31,93,0,4.61
305,Verkhnevilyuysk,RU,2022-04-04 20:46:31,63.4453,120.3167,-0.62,99,97,4.94
306,Ambovombe,MG,2022-04-04 20:46:31,-25.1667,46.0833,73.17,87,0,9.57
307,Nytva,RU,2022-04-04 20:46:32,57.9404,55.334,40.89,90,100,14.79
308,Buraydah,SA,2022-04-04 20:46:32,26.326,43.975,79.25,10,32,9.31
309,Sibut,CF,2022-04-04 20:46:32,5.718,19.0739,72.81,87,100,6.76
310,Abalak,RU,2022-04-04 20:46:32,58.1286,68.5944,34.99,99,100,5.06
311,Ipixuna,BR,2022-04-04 20:46:33,-1.7625,-48.8043,76.8,93,96,3.65
312,Kharan,PK,2022-04-04 20:44:29,28.5833,65.4167,78.6,9,3,6.02
313,Rayong,TH,2022-04-04 20:46:33,12.8333,101.4333,81.79,85,55,5.91
314,Hambantota,LK,2022-04-04 20:46:33,6.1241,81.1185,78.82,77,92,0.34
315,Raga,SS,2022-04-04 20:46:33,8.4596,25.678,85.73,36,67,7.36
316,Brigantine,US,2022-04-04 20:46:34,39.4101,-74.3646,56.05,43,75,13.8
317,Provideniya,RU,2022-04-04 20:42:23,64.3833,-173.3,8.71,66,0,25.01
318,Longyearbyen,SJ,2022-04-04 20:46:34,78.2186,15.6401,10.24,56,11,20.71
319,Isiro,CD,2022-04-04 20:46:34,2.7739,27.616,67.23,87,17,1.61
320,Hokitika,NZ,2022-04-04 20:46:34,-42.7167,170.9667,58.91,56,100,6.53
321,Brasilia De Minas,BR,2022-04-04 20:46:35,-16.2064,-44.4333,75.99,42,0,4.7
322,Vargem Grande,BR,2022-04-04 20:46:35,-3.5431,-43.9158,75.38,95,100,2.95
323,Smithers,CA,2022-04-04 20:45:09,54.7804,-127.1743,35.92,64,100,5.75
324,Japura,ID,2022-04-04 20:46:35,-0.3167,102.35,73.06,99,27,1.74
325,Namibe,AO,2022-04-04 20:46:35,-15.1961,12.1522,69.85,80,82,7.49
326,Grand Gaube,MU,2022-04-04 20:46:36,-20.0064,57.6608,79.38,83,100,5.01
327,Sivaki,RU,2022-04-04 20:46:36,52.6333,126.75,22.33,62,100,9.84
328,Northam,GB,2022-04-04 20:46:36,51.0333,-4.2167,53.38,95,100,12.88
329,Amga,RU,2022-04-04 20:46:37,60.8953,131.9608,18.75,94,100,7.78
330,Kota Tinggi,MY,2022-04-04 20:46:37,1.7381,103.8999,80.55,94,12,2.91
331,Capela,BR,2022-04-04 20:46:37,-10.5033,-37.0528,74.84,82,27,5.86
332,Comodoro Rivadavia,AR,2022-04-04 20:45:01,-45.8667,-67.5,66.06,32,0,40.29
333,Upata,VE,2022-04-04 20:46:37,8.0086,-62.3989,88.61,41,58,4.68
334,Kysyl-Syr,RU,2022-04-04 20:46:38,63.8986,122.7617,-4.31,99,97,5.75
335,Qasigiannguit,GL,2022-04-04 20:46:38,68.8193,-51.1922,37.65,85,25,4.52
336,Roblin,CA,2022-04-04 20:46:38,51.23,-101.3565,35.04,100,100,13.09
337,Kerchevskiy,RU,2022-04-04 20:46:38,59.946,56.2884,25.57,96,100,8.68
338,Ust-Tsilma,RU,2022-04-04 20:46:39,65.441,52.1498,-3.69,100,80,1.86
339,Ojinaga,MX,2022-04-04 20:43:45,29.5667,-104.4167,87.57,16,0,8.05
340,Urumqi,CN,2022-04-04 20:46:39,43.801,87.6005,50.95,37,0,4.47
341,Port Hardy,CA,2022-04-04 20:45:36,50.6996,-127.4199,42.98,87,75,3.44
342,Mitu,CO,2022-04-04 20:46:39,1.1983,-70.1733,79.39,89,95,1.41
343,Lakhimpur,IN,2022-04-04 20:46:39,27.95,80.7667,74.28,7,0,5.66
344,Hualmay,PE,2022-04-04 20:42:03,-11.0964,-77.6139,72.79,76,50,10.56
345,Yatsushiro,JP,2022-04-04 20:46:40,32.5,130.6,48.25,48,40,3.11
346,Omboue,GA,2022-04-04 20:43:54,-1.5746,9.2618,77.74,90,15,5.61
347,Kyzyl-Suu,KG,2022-04-04 20:46:40,42.3414,78.0056,45.27,45,32,9.8
348,Shelburne,CA,2022-04-04 20:45:08,44.0787,-80.2041,47.23,50,100,7.56
349,Xapuri,BR,2022-04-04 20:46:40,-10.6517,-68.5044,82.6,68,81,0.36
350,Loharu,IN,2022-04-04 20:46:41,28.45,75.8167,76.55,9,56,5.95
351,Serebryansk,KZ,2022-04-04 20:46:41,49.6925,83.2892,28.85,93,73,5.57
352,Miraflores,MX,2022-04-04 20:46:41,19.2167,-98.8083,81.25,20,5,10.13
353,Los Llanos De Aridane,ES,2022-04-04 20:46:41,28.6585,-17.9182,58.75,75,0,19.57
354,Rabaul,PG,2022-04-04 20:46:42,-4.1967,152.1721,80.26,79,98,6.64
355,San Jeronimo,PE,2022-04-04 20:46:42,-11.9472,-75.2829,56.86,70,82,4.54
356,Jatai,BR,2022-04-04 20:46:42,-17.8814,-51.7144,78.13,61,39,3.51
357,Lagoa,PT,2022-04-04 20:46:42,39.05,-27.9833,59.05,69,100,6.33
358,Pudozh,RU,2022-04-04 20:46:43,61.8099,36.5345,20.26,90,49,5.53
359,Nesbyen,NO,2022-04-04 20:46:43,60.5681,9.1027,27.01,90,99,3.71
360,Elban,RU,2022-04-04 20:46:43,50.1018,136.5094,32.54,95,99,5.41
361,Bathsheba,BB,2022-04-04 20:46:43,13.2167,-59.5167,83.01,61,20,17.27
362,Ampere,BR,2022-04-04 20:46:44,-25.915,-53.4728,69.04,98,100,1.39
363,Camana,PE,2022-04-04 20:46:44,-16.6228,-72.7111,71.37,76,79,6.44
364,Marzuq,YE,2022-04-04 20:46:44,14.4,46.4667,68.74,40,2,4.97
365,Sioux Lookout,CA,2022-04-04 20:46:44,50.1001,-91.917,37.47,70,100,4.61
366,Kasongo-Lunda,CD,2022-04-04 20:46:45,-6.4667,16.8167,72.36,89,69,0.76
367,Anadyr,RU,2022-04-04 20:46:45,64.75,177.4833,-5.3,71,53,17.9
368,Vestmannaeyjar,IS,2022-04-04 20:46:45,63.4427,-20.2734,37.04,77,100,24.58
369,Deer Lake,CA,2022-04-04 20:46:45,49.1667,-57.4316,40.86,56,75,3.44
370,Alamogordo,US,2022-04-04 20:46:46,32.8995,-105.9603,74.57,19,0,6.91
371,Upernavik,GL,2022-04-04 20:44:46,72.7868,-56.1549,27.21,75,100,1.34
372,Clyde River,CA,2022-04-04 20:46:02,70.4692,-68.5914,16.03,92,40,5.75
373,Beringovskiy,RU,2022-04-04 20:46:46,63.05,179.3167,-3.26,80,92,16.49
374,Padang,ID,2022-04-04 20:46:46,-0.9492,100.3543,78.1,74,100,2.89
375,Boralday,KZ,2022-04-04 20:46:46,43.3578,76.8594,49.86,66,20,4.47
376,Hami,CN,2022-04-04 20:46:47,42.8,93.45,55.96,15,0,4.7
377,Nouadhibou,MR,2022-04-04 20:46:47,20.931,-17.0347,66.18,88,20,11.5
378,Sannois,FR,2022-04-04 20:46:47,48.9667,2.25,47.59,64,100,13.8
379,Korla,CN,2022-04-04 20:46:47,41.7597,86.1469,56.77,24,0,3.04
380,West Bay,KY,2022-04-04 20:46:48,19.3667,-81.4167,86.07,66,20,4.61
381,Isangel,VU,2022-04-04 20:46:48,-19.55,169.2667,81.28,80,99,6.51
382,Russell,US,2022-04-04 20:46:48,32.3502,-85.1999,78.96,27,0,3.44
383,Lazurne,UA,2022-04-04 20:46:48,46.084,32.5295,40.66,67,66,13.02
384,Baykit,RU,2022-04-04 20:43:29,61.67,96.37,15.75,93,100,2.95
385,Bonthe,SL,2022-04-04 20:46:48,7.5264,-12.505,77.4,77,78,9.28
386,Salinas,US,2022-04-04 20:45:36,36.6777,-121.6555,72.21,52,0,9.22
387,Coldingham,GB,2022-04-04 20:46:49,55.8868,-2.157,46.15,94,100,6.46
388,Arman,RU,2022-04-04 20:46:49,59.7,150.1667,18.25,92,100,12.03
389,Harnosand,SE,2022-04-04 20:46:49,62.6323,17.9379,28.4,88,100,18.05
390,Santa Maria,BR,2022-04-04 20:46:49,-29.6842,-53.8069,69.1,100,75,4.61
391,Asfi,MA,2022-04-04 20:46:50,32.2994,-9.2372,55.96,74,39,16.06
392,Waingapu,ID,2022-04-04 20:46:50,-9.6567,120.2641,77.02,80,25,4.14
393,Sorong,ID,2022-04-04 20:46:50,-0.8833,131.25,77.59,86,99,6.85
394,Umm Kaddadah,SD,2022-04-04 20:44:11,13.6017,26.6876,84.9,11,26,9.51
395,Namie,JP,2022-04-04 20:46:50,37.4833,141.0,48.72,94,100,13.18
396,Hofn,IS,2022-04-04 20:46:51,64.2539,-15.2082,29.53,76,100,14.52
397,Constitucion,CL,2022-04-04 20:46:51,-35.3333,-72.4167,64.71,52,0,16.73
398,Latur,IN,2022-04-04 20:46:51,18.4,76.5833,87.26,22,81,5.41
399,Shirokiy,RU,2022-04-04 20:46:51,49.758,129.523,28.33,96,100,16.4
400,Gavle,SE,2022-04-04 20:46:52,60.6745,17.1417,33.37,81,100,3.0
401,Briceno,CO,2022-04-04 20:46:52,7.111,-75.5515,72.43,90,94,3.47
402,Dodge City,US,2022-04-04 20:42:22,37.7528,-100.0171,64.71,26,40,6.91
403,Nelson Bay,AU,2022-04-04 20:46:52,-32.7167,152.15,60.1,93,0,9.04
404,Sitka,US,2022-04-04 20:46:52,57.0531,-135.33,42.69,70,0,5.75
405,Dongsheng,CN,2022-04-04 20:46:53,39.8161,109.9776,42.91,25,1,8.57
406,Kaohsiung,TW,2022-04-04 20:46:32,22.6163,120.3133,66.15,86,20,3.44
407,Maragogi,BR,2022-04-04 20:46:53,-9.0122,-35.2225,78.6,77,13,6.31
408,Pemangkat,ID,2022-04-04 20:46:53,1.1667,108.9667,79.59,78,97,1.9
409,Oum Hadjer,TD,2022-04-04 20:46:54,13.2954,19.6966,90.39,8,21,11.74
410,Sarakhs,IR,2022-04-04 20:46:54,36.5449,61.1577,75.34,23,2,2.3
411,Kastamonu,TR,2022-04-04 20:46:54,41.5,33.6667,42.42,74,100,3.06
412,Mount Gambier,AU,2022-04-04 20:44:53,-37.8333,140.7667,42.71,100,40,1.14
413,Yerbogachen,RU,2022-04-04 20:46:54,61.2767,108.0108,-7.53,100,96,3.11
414,Buala,SB,2022-04-04 20:46:55,-8.145,159.5921,82.04,82,95,12.24
415,Meadville,US,2022-04-04 20:46:55,41.6414,-80.1515,44.13,80,100,4.61
416,Sibolga,ID,2022-04-04 20:46:55,1.7427,98.7792,75.13,85,100,2.89
417,San Ramon,US,2022-04-04 20:45:16,37.7799,-121.978,71.94,53,0,14.97
418,Nakusp,CA,2022-04-04 20:46:55,50.2499,-117.8023,35.94,93,100,2.3
419,La Ronge,CA,2022-04-04 20:45:32,55.1001,-105.2842,44.82,39,20,17.27
420,Batagay-Alyta,RU,2022-04-04 20:46:56,67.8006,130.4114,-12.93,99,100,5.06
421,La Rioja,ES,2022-04-04 20:42:49,42.25,-2.5,33.58,89,99,3.04
422,Uberlandia,BR,2022-04-04 20:43:52,-18.9186,-48.2772,83.41,44,20,5.75
423,Guadalupe Y Calvo,MX,2022-04-04 20:46:56,26.1,-106.9667,64.69,22,1,16.02
424,Lorengau,PG,2022-04-04 20:46:56,-2.0226,147.2712,82.0,79,100,15.3
425,Taltal,CL,2022-04-04 20:46:56,-25.4,-70.4833,68.85,63,22,5.84
426,Saint-Augustin,CA,2022-04-04 20:46:57,51.226,-58.6502,32.9,98,100,0.92
427,San Policarpo,PH,2022-04-04 20:46:57,12.1791,125.5072,80.26,86,100,17.05
428,Madhupur,IN,2022-04-04 20:46:57,24.25,86.65,75.54,85,0,7.38
429,Jilib,SO,2022-04-04 20:46:57,0.4883,42.7854,78.67,83,29,6.4
430,Galesong,ID,2022-04-04 20:46:58,-5.3166,119.3661,73.42,81,95,5.93
431,Lubango,AO,2022-04-04 20:46:58,-14.9172,13.4925,58.46,93,13,2.39
432,Saint-Pierre,RE,2022-04-04 20:46:58,-21.3393,55.4781,75.29,87,75,3.44
433,Batemans Bay,AU,2022-04-04 20:43:56,-35.7167,150.1833,59.34,78,56,2.82
434,Port Lincoln,AU,2022-04-04 20:46:58,-34.7333,135.8667,63.73,80,100,10.98
435,Bikin,RU,2022-04-04 20:46:59,46.8161,134.26,36.14,81,100,7.94
436,Lugoba,TZ,2022-04-04 20:46:59,-6.45,38.3333,73.22,97,8,1.3
437,Asau,RO,2022-04-04 20:43:51,46.4333,26.4,36.52,80,5,6.13
438,Panormos,GR,2022-04-04 20:46:59,35.4182,24.6909,69.66,49,100,5.21
439,Palmer,US,2022-04-04 20:47:00,42.1584,-72.3287,55.24,35,40,11.5
440,Babushkin,RU,2022-04-04 20:47:00,51.7122,105.8647,16.0,83,93,6.62
441,Changji,CN,2022-04-04 20:47:00,44.0167,87.3167,54.39,37,0,4.47
442,Nurota,UZ,2022-04-04 20:47:00,40.5614,65.6886,67.21,21,0,8.08
443,Merauke,ID,2022-04-04 20:47:01,-8.4667,140.3333,77.2,88,57,6.24
444,Serenje,ZM,2022-04-04 20:47:01,-13.2325,30.2352,62.65,95,87,1.1
445,Verkhnyaya Inta,RU,2022-04-04 20:47:01,65.9811,60.3094,9.03,98,63,8.43
446,Roald,NO,2022-04-04 20:47:01,62.5833,6.1333,37.76,75,100,3.44
447,Shancheng,CN,2022-04-04 20:47:02,34.7953,116.0817,54.88,62,100,11.7
448,Cravo Norte,CO,2022-04-04 20:47:02,6.3017,-70.2041,90.41,47,94,2.04
449,Hobyo,SO,2022-04-04 20:47:02,5.3505,48.5268,81.21,72,100,11.25
450,Jalu,LY,2022-04-04 20:47:02,29.0331,21.5482,85.17,7,0,9.22
451,Ancud,CL,2022-04-04 20:47:03,-41.8697,-73.8203,55.22,91,100,9.93
452,Mazagao,BR,2022-04-04 20:47:03,-0.115,-51.2894,86.05,97,100,4.81
453,Garden City,US,2022-04-04 20:47:03,42.3256,-83.331,43.05,90,100,13.8
454,Raha,IN,2022-04-04 20:47:03,26.2333,92.5167,70.68,91,9,4.41
455,Grand-Santi,GF,2022-04-04 20:43:49,4.25,-54.3833,74.12,98,100,3.18
456,Mahebourg,MU,2022-04-04 20:47:04,-20.4081,57.7,79.25,89,75,9.22
457,Onguday,RU,2022-04-04 20:47:04,50.75,86.15,32.27,90,38,3.0
458,Hargeysa,SO,2022-04-04 20:47:04,9.56,44.065,70.63,45,10,4.29
459,Sarrebourg,FR,2022-04-04 20:47:05,48.7333,7.05,45.21,95,100,17.05
460,Kurilsk,RU,2022-04-04 20:47:05,45.2333,147.8833,36.97,84,12,7.85
461,Honiara,SB,2022-04-04 20:47:05,-9.4333,159.95,80.47,88,100,6.44
462,Malkangiri,IN,2022-04-04 20:47:05,18.35,81.9,77.95,61,44,1.81
463,Aleksandrovsk-Sakhalinskiy,RU,2022-04-04 20:47:06,50.8975,142.1561,35.29,92,96,8.72
464,Almaznyy,RU,2022-04-04 20:47:06,48.0448,40.045,35.56,68,100,8.19
465,Aksu,CN,2022-04-04 20:47:06,41.1231,80.2644,58.14,23,5,2.33
466,Te Anau,NZ,2022-04-04 20:47:06,-45.4167,167.7167,58.66,91,100,1.68
467,Biri,PH,2022-04-04 20:47:07,12.6833,124.3636,80.33,85,91,19.53
468,College,US,2022-04-04 20:47:07,64.8569,-147.8028,19.22,65,75,1.99
469,Haapiti,PF,2022-04-04 20:47:07,-17.5667,-149.8667,85.71,76,34,14.94
470,Bubaque,GW,2022-04-04 20:47:07,11.2833,-15.8333,76.5,75,20,23.4
471,Gibara,CU,2022-04-04 20:47:08,21.1097,-76.1317,88.92,59,10,14.63
472,Richards Bay,ZA,2022-04-04 20:47:08,-28.783,32.0377,74.17,73,100,13.38
473,Egvekinot,RU,2022-04-04 20:47:08,66.3167,-179.1667,-10.28,85,16,18.57
474,Shilka,RU,2022-04-04 20:47:09,51.85,116.0333,16.38,58,2,5.08
475,Caronport,CA,2022-04-04 20:47:09,50.4501,-105.8179,61.0,21,8,13.65
476,Rio Cuarto,AR,2022-04-04 20:47:09,-33.1307,-64.3499,76.48,25,0,17.27
477,Terra Santa,BR,2022-04-04 20:47:09,-2.1042,-56.4869,74.25,97,100,0.96
478,Sarangani,PH,2022-04-04 20:43:10,5.4033,125.4636,81.0,76,100,8.5
479,Crotone,IT,2022-04-04 20:47:10,39.0851,17.1178,53.19,75,100,9.19
480,Petropavlovsk-Kamchatskiy,RU,2022-04-04 20:47:10,53.0452,158.6483,21.79,74,0,4.47
481,Turukhansk,RU,2022-04-04 20:47:10,65.8167,87.9833,23.23,92,100,19.46
482,Hereford,GB,2022-04-04 20:47:10,52.0568,-2.7148,55.0,84,100,4.0
483,Rio Gallegos,AR,2022-04-04 20:47:11,-51.6226,-69.2181,48.25,43,40,29.93
484,Diego De Almagro,CL,2022-04-04 20:47:11,-26.3667,-70.05,79.79,14,0,9.37
485,Lenger,KZ,2022-04-04 20:47:11,42.183,69.8839,51.24,33,0,8.63
486,Port Keats,AU,2022-04-04 20:47:12,-14.25,129.55,79.83,76,38,2.95
487,Bisignano,IT,2022-04-04 20:47:12,39.5059,16.2772,50.79,77,100,1.01
488,Qui Nhon,VN,2022-04-04 20:47:12,13.7667,109.2333,72.57,88,100,15.14
489,Kutum,SD,2022-04-04 20:47:12,14.2,24.6667,80.35,11,9,9.66
490,Marsa Matruh,EG,2022-04-04 20:47:13,31.3525,27.2453,64.6,63,17,18.41
491,Lata,PT,2022-04-04 20:44:31,40.1629,-8.3327,46.33,50,98,5.53
492,Deniliquin,AU,2022-04-04 20:47:13,-35.5333,144.9667,54.97,79,6,5.41
493,Verenchanka,UA,2022-04-04 20:47:13,48.5465,25.7453,32.79,63,7,4.54
494,La Libertad,EC,2022-04-04 20:47:13,-2.2333,-80.9,82.06,69,0,9.22
495,Coolum Beach,AU,2022-04-04 20:47:14,-26.5333,153.1,69.08,96,6,5.14
496,Taramangalam,IN,2022-04-04 20:47:14,11.7,77.9833,77.04,71,7,3.69
497,Tupik,RU,2022-04-04 20:47:14,54.4253,119.9327,4.64,96,100,3.53
498,Ahipara,NZ,2022-04-04 20:47:14,-35.1667,173.1667,68.25,83,89,6.49
499,Placerville,US,2022-04-04 20:45:04,38.7296,-120.7986,68.9,40,0,4.61
500,Parga,GR,2022-04-04 20:47:15,39.2831,20.3964,55.74,63,100,6.22
501,Champerico,GT,2022-04-04 20:47:15,14.3,-91.9167,95.54,62,2,12.57
502,Beisfjord,NO,2022-04-04 20:47:15,68.3751,17.5988,21.25,84,10,7.31
503,Yarmouth,US,2022-04-04 20:47:16,41.7057,-70.2286,58.14,49,0,6.91
504,Bekeshevskaya,RU,2022-04-04 20:47:16,44.1139,42.4269,39.69,83,68,2.57
505,Loreto,MX,2022-04-04 20:47:16,22.2667,-101.9667,85.03,7,2,23.13
506,Manali,IN,2022-04-04 20:47:16,13.1667,80.2667,84.29,86,9,7.94
507,Kenai,US,2022-04-04 20:47:17,60.5544,-151.2583,40.03,84,100,5.75
508,Ballina,AU,2022-04-04 20:47:17,-28.8667,153.5667,66.02,96,4,0.0
509,Coxim,BR,2022-04-04 20:47:17,-18.5067,-54.76,84.38,62,99,4.05
510,Lazaro Cardenas,MX,2022-04-04 20:47:17,17.9583,-102.2,81.05,56,75,11.14
511,Neiafu,TO,2022-04-04 20:47:18,-18.65,-173.9833,79.48,83,75,10.36
512,Shingu,JP,2022-04-04 20:43:26,33.7333,135.9833,41.04,67,2,6.51
513,Nyurba,RU,2022-04-04 20:47:18,63.2842,118.3319,4.01,96,97,5.82
514,Lopatino,RU,2022-04-04 20:47:18,52.6195,45.8118,28.13,95,78,9.53
515,Bentiu,SS,2022-04-04 20:47:19,9.2333,29.8333,87.87,36,30,4.81
516,El Alto,PE,2022-04-04 20:47:19,-4.2714,-81.2147,82.06,73,11,6.96
517,Cascais,PT,2022-04-04 20:47:19,38.6979,-9.4215,59.94,42,20,15.99
518,Sur,OM,2022-04-04 20:47:19,22.5667,59.5289,80.76,53,2,13.11
519,Udachnyy,RU,2022-04-04 20:47:20,66.4167,112.4,-1.55,84,100,3.29
520,Rochegda,RU,2022-04-04 20:47:20,62.8,43.25,12.52,95,27,3.71
521,Arenapolis,BR,2022-04-04 20:47:20,-14.4503,-56.8461,81.73,74,5,5.48
522,Bria,CF,2022-04-04 20:47:20,6.5423,21.9863,73.83,75,82,2.84
523,Antigonish,CA,2022-04-04 20:47:21,45.6169,-61.9986,33.28,96,100,11.99
524,Ogaminana,NG,2022-04-04 20:47:21,7.5946,6.2248,81.72,69,71,10.04
525,Narrabri,AU,2022-04-04 20:47:21,-30.3167,149.7833,59.52,88,1,3.0
526,Moussoro,TD,2022-04-04 20:47:21,13.6408,16.4901,89.01,7,13,11.86
527,Yamoussoukro,CI,2022-04-04 20:44:48,6.8206,-5.2767,84.09,74,75,4.61
528,Znamenskoye,RU,2022-04-04 20:47:22,57.1281,73.8282,35.62,90,100,7.85
529,Maniitsoq,GL,2022-04-04 20:47:22,65.4167,-52.9,29.75,74,15,2.1
530,Maningrida,AU,2022-04-04 20:44:05,-12.0667,134.2667,79.12,75,85,3.58
531,Awbari,LY,2022-04-04 20:47:22,26.5921,12.7805,82.47,7,0,3.36
532,West Wendover,US,2022-04-04 20:47:23,40.7391,-114.0733,60.01,17,100,5.75
533,Phetchaburi,TH,2022-04-04 20:47:23,12.9667,99.5833,71.53,69,97,4.14
